{
  "height": 295.65426674061115,
  "tabOrder": 3000,
  "width": 434.51161071057834,
  "x": 32.61749356540534,
  "y": 400.96220297768866,
  "z": 0
}