{
  "height": 60,
  "tabOrder": 10000,
  "width": 200,
  "x": 160.81081081081081,
  "y": 120.27027027027027,
  "z": 10000
}