{
  "height": 55.915703254980585,
  "tabOrder": 5000,
  "width": 41.936777441235442,
  "x": 16.30874678270267,
  "y": 292.39253160416933,
  "z": 5000
}