{
  "height": 40.302399186605228,
  "tabOrder": 1000,
  "width": 275.39972777513572,
  "x": 71.200905229669232,
  "y": 508.95960999986562,
  "z": 2000
}