{
  "height": 50,
  "tabOrder": 15000,
  "width": 411.25,
  "x": 400.74996948242188,
  "y": 9.5000076293945313,
  "z": 15000
}