{
  "height": 618.56746725822279,
  "tabOrder": 4000,
  "width": 44.266598410192962,
  "x": 16.30874678270267,
  "y": 90.863017789343459,
  "z": 0
}