{
  "height": 53.585882286023065,
  "tabOrder": 7000,
  "width": 43.1016879257142,
  "x": 16.30874678270267,
  "y": 641.865676947798,
  "z": 7000
}