{
  "height": 60,
  "tabOrder": 14000,
  "width": 200,
  "x": 1005.1013348553631,
  "y": 116.25000824799407,
  "z": 14000
}