{
  "height": 53.585882286023065,
  "tabOrder": 1000,
  "width": 43.1016879257142,
  "x": 16.30874678270267,
  "y": 382.090638909034,
  "z": 2000
}