{
  "height": 40.302399186605228,
  "tabOrder": 4000,
  "width": 341.22697977992425,
  "x": 71.200905229669232,
  "y": 468.65721081326035,
  "z": 4000
}