{
  "height": 52.420971801544304,
  "tabOrder": 3000,
  "width": 44.266598410192962,
  "x": 16.30874678270267,
  "y": 110.66649602548242,
  "z": 4000
}