{
  "height": 39.606956472277915,
  "tabOrder": 5000,
  "width": 316.15669837748675,
  "x": 71.0595395532045,
  "y": 549.83774867397574,
  "z": 5000
}