{
  "height": 51.256061317065537,
  "tabOrder": 2000,
  "width": 41.936777441235442,
  "x": 17.473657267181434,
  "y": 556.82721158084837,
  "z": 3000
}