{
  "height": 54.750792770501825,
  "tabOrder": 8000,
  "width": 12.814015329266384,
  "x": 3.4947314534362866,
  "y": 470.62383572941997,
  "z": 8000
}