{
  "height": 32.432432432432435,
  "tabOrder": 16000,
  "width": 338.1081246040963,
  "x": 93.243243243243242,
  "y": 75.675675675675677,
  "z": 16000
}