{
  "height": 60,
  "tabOrder": 11000,
  "width": 200,
  "x": 370.27027027027026,
  "y": 120.27027027027027,
  "z": 11000
}