{
  "height": 57.080613739459352,
  "width": 52.420971801544304,
  "x": 16.30874678270267,
  "y": 198.03478236138957,
  "z": 1000
}