{
  "height": 40.302399186605228,
  "width": 341.22697977992425,
  "x": 71.200905229669232,
  "y": 428.89216874959914,
  "z": 1000
}