{
  "height": 60,
  "tabOrder": 13000,
  "width": 200,
  "x": 795.10133485536312,
  "y": 117.50000824799407,
  "z": 13000
}