{
  "height": 60,
  "tabOrder": 12000,
  "width": 200,
  "x": 581.081081081081,
  "y": 118.91891891891892,
  "z": 12000
}