{
  "height": 51.256061317065537,
  "tabOrder": 6000,
  "width": 44.266598410192962,
  "x": 15.14383629822391,
  "y": 469.45892524494121,
  "z": 6000
}