{
  "height": 40.302399186605228,
  "tabOrder": 6000,
  "width": 349.2874596172453,
  "x": 71.200905229669232,
  "y": 629.86680755968155,
  "z": 6000
}