{
  "height": 71.4545371315696,
  "tabOrder": 9000,
  "width": 1185.4545454545453,
  "x": 93.636363636363626,
  "y": 0,
  "z": 9000
}