{
  "height": 40.771866956756682,
  "tabOrder": 2000,
  "width": 393.97270452056938,
  "x": 71.0595395532045,
  "y": 589.44470514625368,
  "z": 3000
}